{
  "accuracy": 0.7457912457912458,
  "precision": 0.6063348416289592,
  "recall": 0.6767676767676768,
  "f1": 0.639618138424821,
  "roc_auc": 0.8242398734822977,
  "train_rows": 2374,
  "test_rows": 594,
  "positive_rate_train": 0.33361415332771693,
  "positive_rate_test": 0.3333333333333333,
  "confusion_matrix": [
    [
      309,
      87
    ],
    [
      64,
      134
    ]
  ]
}